[
  {
    "id": "/subscriptions/c6def79d-2f0c-48bc-912a-ee74f29d2de0/resourceGroups/myfirstRG/providers/Microsoft.Resources/deployments/Microsoft.Web-WebApp-Portal-c700e9c5-96bf/operations/94191B675A2FC0D1",
    "operationId": "94191B675A2FC0D1",
    "properties": {
      "provisioningOperation": "Create",
      "provisioningState": "Succeeded",
      "timestamp": "2020-09-14T14:54:45.3503389Z",
      "duration": "PT56.8695349S",
      "trackingId": "2b0e0e50-738e-4245-90ba-48e481f03979",
      "statusCode": "OK",
      "targetResource": {
        "id": "/subscriptions/c6def79d-2f0c-48bc-912a-ee74f29d2de0/resourceGroups/myfirstRG/providers/Microsoft.Web/sites/Jenkinstest1",
        "resourceType": "Microsoft.Web/sites",
        "resourceName": "Jenkinstest1"
      }
    }
  },
  {
    "id": "/subscriptions/c6def79d-2f0c-48bc-912a-ee74f29d2de0/resourceGroups/myfirstRG/providers/Microsoft.Resources/deployments/Microsoft.Web-WebApp-Portal-c700e9c5-96bf/operations/441BC886F29DE1A5",
    "operationId": "441BC886F29DE1A5",
    "properties": {
      "provisioningOperation": "Create",
      "provisioningState": "Succeeded",
      "timestamp": "2020-09-14T14:54:26.3371309Z",
      "duration": "PT37.8563269S",
      "trackingId": "26a0f04f-7b4a-4120-a61b-2fb4d5421444",
      "statusCode": "OK",
      "targetResource": {
        "id": "/subscriptions/c6def79d-2f0c-48bc-912a-ee74f29d2de0/resourceGroups/myfirstRG/providers/Microsoft.Web/serverfarms/ASP-myfirstRG-8831",
        "resourceType": "Microsoft.Web/serverfarms",
        "resourceName": "ASP-myfirstRG-8831"
      }
    }
  },
  {
    "id": "/subscriptions/c6def79d-2f0c-48bc-912a-ee74f29d2de0/resourceGroups/myfirstRG/providers/Microsoft.Resources/deployments/Microsoft.Web-WebApp-Portal-c700e9c5-96bf/operations/08586015116578705769",
    "operationId": "08586015116578705769",
    "properties": {
      "provisioningOperation": "EvaluateDeploymentOutput",
      "provisioningState": "Succeeded",
      "timestamp": "2020-09-14T14:54:45.4331403Z",
      "duration": "PT56.9523363S",
      "trackingId": "25adc101-22ec-40da-bf12-58601734a843",
      "statusCode": "OK"
    }
  }
]