{
  "id": "/subscriptions/c6def79d-2f0c-48bc-912a-ee74f29d2de0/resourceGroups/myfirstRG/providers/Microsoft.Resources/deployments/Microsoft.Web-WebApp-Portal-c700e9c5-96bf",
  "name": "Microsoft.Web-WebApp-Portal-c700e9c5-96bf",
  "type": "Microsoft.Resources/deployments",
  "tags": {
    "primaryResourceId": "/subscriptions/c6def79d-2f0c-48bc-912a-ee74f29d2de0/resourcegroups/myfirstRG/providers/Microsoft.Web/sites/Jenkinstest1",
    "marketplaceItemId": "Microsoft.WebSite"
  },
  "properties": {
    "templateHash": "16133913145473835844",
    "parameters": {
      "subscriptionId": {
        "type": "String",
        "value": "c6def79d-2f0c-48bc-912a-ee74f29d2de0"
      },
      "name": {
        "type": "String",
        "value": "Jenkinstest1"
      },
      "location": {
        "type": "String",
        "value": "Central US"
      },
      "hostingPlanName": {
        "type": "String",
        "value": "ASP-myfirstRG-8831"
      },
      "serverFarmResourceGroup": {
        "type": "String",
        "value": "myfirstRG"
      },
      "alwaysOn": {
        "type": "Bool",
        "value": true
      },
      "sku": {
        "type": "String",
        "value": "PremiumV2"
      },
      "skuCode": {
        "type": "String",
        "value": "P1v2"
      },
      "workerSize": {
        "type": "String",
        "value": "3"
      },
      "workerSizeId": {
        "type": "String",
        "value": "3"
      },
      "numberOfWorkers": {
        "type": "String",
        "value": "1"
      },
      "linuxFxVersion": {
        "type": "String",
        "value": "DOCKER|nginx"
      },
      "dockerRegistryUrl": {
        "type": "String",
        "value": "https://index.docker.io"
      },
      "dockerRegistryUsername": {
        "type": "String",
        "value": ""
      },
      "dockerRegistryPassword": {
        "type": "SecureString"
      },
      "dockerRegistryStartupCommand": {
        "type": "String",
        "value": ""
      }
    },
    "mode": "Incremental",
    "debugSetting": {
      "detailLevel": "None"
    },
    "provisioningState": "Succeeded",
    "timestamp": "2020-09-14T14:54:45.4534231Z",
    "duration": "PT57.8463622S",
    "correlationId": "1dc7732d-f1ab-4e14-86ef-2e04695b1047",
    "providers": [
      {
        "namespace": "Microsoft.Web",
        "resourceTypes": [
          {
            "resourceType": "sites",
            "locations": [
              "centralus"
            ]
          },
          {
            "resourceType": "serverfarms",
            "locations": [
              "centralus"
            ]
          }
        ]
      }
    ],
    "dependencies": [
      {
        "dependsOn": [
          {
            "id": "/subscriptions/c6def79d-2f0c-48bc-912a-ee74f29d2de0/resourceGroups/myfirstRG/providers/Microsoft.Web/serverfarms/ASP-myfirstRG-8831",
            "resourceType": "Microsoft.Web/serverfarms",
            "resourceName": "ASP-myfirstRG-8831"
          }
        ],
        "id": "/subscriptions/c6def79d-2f0c-48bc-912a-ee74f29d2de0/resourceGroups/myfirstRG/providers/Microsoft.Web/sites/Jenkinstest1",
        "resourceType": "Microsoft.Web/sites",
        "resourceName": "Jenkinstest1"
      }
    ],
    "outputResources": [
      {
        "id": "/subscriptions/c6def79d-2f0c-48bc-912a-ee74f29d2de0/resourceGroups/myfirstRG/providers/Microsoft.Web/serverfarms/ASP-myfirstRG-8831"
      },
      {
        "id": "/subscriptions/c6def79d-2f0c-48bc-912a-ee74f29d2de0/resourceGroups/myfirstRG/providers/Microsoft.Web/sites/Jenkinstest1"
      }
    ],
    "validationLevel": "Template"
  }
}